,0
0,Business Edge Book2
1,RS Business Edge 演習 4回
2,Business Edge Book3
3,Business Edge Book5
4,Business Edge 演習 1回
5,Business Edge Book6
6,Business Edge Book4
7,Business Edge Book1
8,Business Edge 演習 3回
9,Business Edge Foundation
10,Business Edge 演習 5回
11,【販売停止】【e-text】English Advantage Ｌｅｖｅｌ 2
12,【販売停止】【e-text】English Advantage Ｌｅｖｅｌ 3
13,【販売停止】【e-text】【BC】English Advantage Ｌｅｖｅｌ 1
14,【e-text】English Advantage Ｌｅｖｅｌ 3
15,【e-text】English Advantage Ｌｅｖｅｌ 4
16,【e-text】English Advantage Ｌｅｖｅｌ 5
17,【e-text】English Advantage Ｌｅｖｅｌ 6
18,English Advantage 演習 2回
19,【e-text】【BC】English Advantage Ｌｅｖｅｌ 1
20,【販売停止】【e-text】English Advantage Foundation
21,【e-text】English Advantage Ｌｅｖｅｌ 2
22,【販売停止】【e-text】English Advantage Ｌｅｖｅｌ 6
23,【販売停止】【e-text】English Advantage Ｌｅｖｅｌ 7
24,【e-text】English Advantage Ｌｅｖｅｌ 7
25,English Advantage 演習 1回
26,English Advantage 演習 3回
27,English Advantage 演習 5回
28,【e-text】English Advantage Ｌｅｖｅｌ 8
29,【e-text】English Advantage Foundation
30,【販売停止】【e-text】English Advantage Ｌｅｖｅｌ 5
31,【販売停止】【e-text】English Advantage Ｌｅｖｅｌ 4
32,【販売停止】English Advantage Ｌｅｖｅｌ 2
33,【販売停止】English Advantage Ｌｅｖｅｌ 1
34,【販売停止】English Advantage Ｌｅｖｅｌ 3
35,【ショート16】English Advantage Novice Book2
36,【e-text】English Advantage Ｌｅｖｅｌ 9
37,【e-text】English Advantage Ｌｅｖｅｌ 10
38,English Advantage 演習 4回
39,【ショート継続16】RS English Advantage Pre-advance Book8
40,【販売停止】English Advantage Ｌｅｖｅｌ 10
41,【販売停止】【e-text】English Advantage Ｌｅｖｅｌ 9
42,【販売停止】【e-text】English Advantage Ｌｅｖｅｌ 10
43,【販売停止】【e-text】English Advantage Ｌｅｖｅｌ 8
44,【販売停止】English Advantage Ｌｅｖｅｌ 9
45,【販売停止】English Advantage Ｌｅｖｅｌ 8
46,【販売停止】English Advantage Ｌｅｖｅｌ 7
47,【販売停止】English Advantage 演習 5回
48,【販売停止】English Advantage 演習 2回
49,【販売停止】English Advantage Foundation
50,【販売停止】English Advantage Ｌｅｖｅｌ 5
51,【販売停止】English Advantage Ｌｅｖｅｌ 6
52,【ショート16】RS English Advantage Foundation
53,【ショート8】English Advantage Intermediate Book5
54,【ショート8】RS English Advantage Pre-advance Book7
55,【販売停止】English Advantage Ｌｅｖｅｌ 4
56,【ショート継続24】RS English Advantage Intermediate Book5
57,【ショート継続16】RS English Advantage Intermediate Book5
58,【ショート16】English Advantage Pre-advance Book7
59,【ショート8】RS English Advantage Novice Book3
60,【ショート16】RS English Advantage Intermediate Book6
61,【ショート16】English Advantage Starter Book1
62,【ショート継続16】English Advantage Pre-advance Book7
63,【ショート継続16】English Advantage Foundation
64,【ショート16】English Advantage Novice Book3
65,【ショート16】English Advantage Foundation
66,【ショート8】English Advantage Pre-advance Book7
67,【ショート継続16】English Advantage Starter Book1
